variant,canonical,occurrences,notes
10X Founders,10x Founders,1,Case variant
8VC (Series A),8VC,1,Strip round annotation
Abstract,Abstract Ventures,1,USER-VERIFY: 1 occ 'Abstract' vs 2 occ 'Abstract Ventures' — likely same firm
Abu Dhabi Investment Authority (ADIA),Abu Dhabi Investment Authority,1,Strip abbreviation parenthetical
Accenture,Accenture Ventures,1,USER-VERIFY: Accenture corporate (1 occ) vs Accenture Ventures (3 occ) — keep corporate distinct?
ACME,ACME Capital,1,USER-VERIFY: bare 'ACME' likely same firm
Acme Capital,ACME Capital,1,Case variant
ACS Group (via Iridium Concesiones de Infraestructuras),ACS Group,1,Strip subsidiary parenthetical
additional co-investors,additional investors,1,Wording variant
AE Industrial,AE Industrial Partners,1,USER-VERIFY: shorthand vs full firm name
AE Ventures (Boeing),AE Ventures,1,Strip parent-company parenthetical
Alibaba,Alibaba Group,2,USER-VERIFY: Alibaba (2 occ) vs Alibaba Group (1 occ) — same entity?
Aliya Capital,Aliya Capital Partners,1,USER-VERIFY: suffix variation
Allen & Co.,Allen & Company,1,Suffix abbreviation
Alliance,Alliance Ventures,2,USER-VERIFY: 2 occ 'Alliance' (Renault-Nissan-Mitsubishi?) vs 1 occ 'Alliance Ventures'
Altimeter,Altimeter Capital,1,Altimeter consolidation (user list)
Amazon (acquirer),Amazon,1,Strip role parenthetical
AMD,AMD Ventures,4,USER-VERIFY: AMD corporate vs AMD Ventures — likely keep distinct
Andreessen Horowitz (a16z Growth),Andreessen Horowitz,1,Strip sub-fund parenthetical
Anzu Partners (co-lead),Anzu Partners,1,Strip role parenthetical
Anzu Partners (existing),Anzu Partners,1,Strip existing-investor parenthetical
Ark Invest,ARK Invest,1,Case variant
Arm,Arm Holdings,5,USER-VERIFY: brand vs legal entity
Ascend,Ascend Capital Partners,1,USER-VERIFY: shorthand vs full firm name
Astanor,Astanor Ventures,2,Shorthand of full firm name
Atreides,Atreides Management,1,Shorthand of full firm name
Baidu,Baidu Ventures,2,USER-VERIFY: Baidu corporate vs Baidu Ventures — likely keep distinct
Bain Capital,Bain Capital Ventures,1,USER-VERIFY: KEEP DISTINCT likely — Bain Capital is parent firm; Bain Capital Ventures is a strategy
Balaji Srinivasan (angel),Balaji Srinivasan,1,Strip role parenthetical
Balerion Space,Balerion Space Ventures,3,USER-VERIFY: shorthand vs full firm name
Bam Elevate,BAM Elevate,1,Case variant
Barclays (lead bookrunners),Barclays,1,Strip role parenthetical
Basis Set,Basis Set Ventures,1,USER-VERIFY: shorthand of full firm name
Bayern Kapital (Scale Up Fund Bavaria),Bayern Kapital,1,Strip sub-fund parenthetical
BDC,BDC Capital,1,USER-VERIFY: BDC vs BDC Capital — same entity?
Bessemer,Bessemer Venture Partners,1,Shorthand of full firm name
Bessemer Venture Partners (existing),Bessemer Venture Partners,1,Strip existing-investor parenthetical
Binance Labs (existing),Binance Labs,1,Strip existing-investor parenthetical
Boka Group,BOKA Group,1,Case variant
BOM (Brabantse Ontwikkelings Maatschappij),BOM,1,Strip translation parenthetical
Bond,BOND,2,BOND consolidation (uppercase canonical per user list)
Bosch (10%),Bosch Ventures,1,USER-VERIFY: 'Bosch' with annotation — corporate parent? KEEP DISTINCT from venture arm
Bosch Group,Bosch Ventures,1,USER-VERIFY: corporate parent vs venture arm — likely KEEP DISTINCT
Bosch Ventures (existing),Bosch Ventures,1,Strip existing-investor parenthetical
bp Ventures,BP Ventures,1,Case variant
Bpifrance (Deep Tech 2030),Bpifrance,1,Strip program parenthetical
Bpifrance (DeepTech 2030),Bpifrance,1,Strip program parenthetical
Bpifrance (via French Tech Sovereignty / France 2030),Bpifrance,1,Strip program parenthetical
Breakthrough Energy (prior non-dilutive),Breakthrough Energy,1,Strip annotation parenthetical
Bricks Capital,Bricks Capital Management,1,USER-VERIFY: suffix variation
BRV,BRV Capital Management,1,USER-VERIFY: shorthand vs full firm name
BV.VC,BVVC,1,Punctuation variant
BYD Company,BYD,1,Strip 'Company' suffix
Calibrate,Calibrate Ventures,1,Shorthand of full firm name
Canaan,Canaan Partners,1,Shorthand of full firm name
Canada Pension Plan Investment Board (CPP Investments),Canada Pension Plan Investment Board,1,Strip rebrand parenthetical
Cantos Ventures,Cantos,1,USER-VERIFY: 'Cantos' is the brand (4 occ); 'Cantos Ventures' (1 occ) likely same firm
CapitalG (Alphabet),CapitalG,1,Strip parent-company parenthetical
Capnamic,Capnamic Ventures,1,Shorthand of full firm name
Capricorn,Capricorn Investment Group,1,USER-VERIFY: 'Capricorn' alone vs Capricorn Investment Group vs Capricorn Partners — different firms?
Capricorn Partners,Capricorn Partners,1,USER-VERIFY: distinct from Capricorn Investment Group? KEEP DISTINCT likely
Capricorn Technology Impact Funds,Capricorn Technology Impact Fund,1,Plural/singular variant
Cathay Capital,Cathay Capital,2,USER-VERIFY: Cathay Capital (2 occ) vs Cathay Ventures (1 occ) — different firms?
CDP Venture Capital (AI Fund),CDP Venture Capital,1,Strip sub-fund parenthetical
CDP Venture Capital Sgr,CDP Venture Capital SGR,1,Case variant (SGR uppercase)
CDP Venture Capital Sgr (Fondo Evoluzione),CDP Venture Capital SGR,1,Strip sub-fund parenthetical + case
CDTI (Spanish gov tech fund),CDTI,1,Strip descriptor parenthetical
China Life Private Equity Investment Limited,China Life Private Equity Investment,1,Strip 'Limited' suffix
Cisco,Cisco Investments,1,USER-VERIFY: Cisco corporate vs Cisco Investments venture arm — KEEP DISTINCT likely
Clal-Tech,Claltech (Blavatnik),1,USER-VERIFY: hyphen vs concatenated; one row keeps parenthetical
ClearVision,Clearvision Ventures,1,USER-VERIFY: case + suffix
CMB International,CMB International Capital,1,USER-VERIFY: suffix variation
Congruent,Congruent Ventures,1,Shorthand of full firm name
dao5,DAO5,1,Case variant
Dao5,DAO5,1,Case variant
Day One Capital,Day One Capital,1,USER-VERIFY: Day One Capital vs Day One Ventures — separate firms
Decarbonization Partners (BlackRock + Temasek),Decarbonization Partners,1,Strip backers parenthetical
DeepTech & Climate Fonds (DTCF),DeepTech & Climate Fonds,2,Strip abbreviation parenthetical
Definvest (Bpifrance),Definvest,1,Strip parent parenthetical
Development Bank of Japan (32 private companies total; 167.6B yen),Development Bank of Japan,1,Strip syndicate annotation
DRONE FUND,Drone Fund,1,Case variant (Title Case canonical)
DST Global Partners,DST Global,1,USER-VERIFY: 'DST Global Partners' (1 occ) likely same as DST Global (2 occ)
DYNE,DYNE Ventures,1,USER-VERIFY: shorthand
E14,E14 Fund,1,USER-VERIFY: shorthand
Earlybird,Earlybird Venture Capital,2,Shorthand of full firm name
Eclipse (Seed),Eclipse,1,Strip round annotation
Eclipse,Eclipse Ventures,14,USER-VERIFY: 'Eclipse' (14 occ) and 'Eclipse Ventures' (13 occ) likely same firm — Eclipse VC rebranded
EIC Fund (EUR 6M equity),EIC Fund,1,Strip amount annotation
Elaia Partners,Elaia,1,USER-VERIFY: 'Elaia' (5 occ) is preferred shorthand; verify direction
Eneos Innovation Partners,ENEOS Innovation Partners,1,Case variant
EPIQ Capital Group,Epiq Capital,1,USER-VERIFY: case + suffix
Equinor,Equinor Ventures,1,USER-VERIFY: corporate vs venture arm — KEEP DISTINCT likely
Equinor Ventures (Series B portion: $37M; non-dilutive: $7M),Equinor Ventures,1,Strip amount annotation
Ericsson,Ericsson Ventures,2,USER-VERIFY: corporate vs venture arm — KEEP DISTINCT likely
Euclidean Capital (Jim Simons),Euclidean Capital,1,Strip principal parenthetical
EUREKA! Venture SGR,Eureka! Venture SGR,1,Case variant
European Innovation Council (EIC),European Innovation Council,1,Strip abbreviation parenthetical
European Innovation Council (EIC Accelerator),European Innovation Council Accelerator,1,Reformat parenthetical to suffix
European Innovation Council (EIC) Accelerator,European Innovation Council Accelerator,1,Strip abbreviation parenthetical
European Innovation Council (EIC) Fund,European Innovation Council Fund,2,Strip abbreviation parenthetical
European Innovation Council Fund (EIC-A),European Innovation Council Fund,1,Strip sub-program parenthetical
European Investment Bank (debt),European Investment Bank,1,Strip instrument parenthetical
European Investment Bank (InvestEU),European Investment Bank,1,Strip program parenthetical
Eve Atlas,EVE Atlas,1,Case variant
"Existing investors (Zisapel family, Gil Agmon, Delek Motors, Alfred Akirov, DCLBA, Vasuki, OurCrowd, Talcar, Comasco, Automotive Equipment, Poalim Equity)",Existing investors,1,Strip enumerated parenthetical
existing shareholders,Existing shareholders,1,Case variant
Expansion,Expansion Ventures,4,USER-VERIFY: 4 occ 'Expansion' vs 2 occ 'Expansion Ventures' — same firm?
Extantia,Extantia Capital,1,USER-VERIFY: shorthand
Faber,Faber Ventures,1,USER-VERIFY: shorthand
Felicis,Felicis Ventures,2,Shorthand of full firm name
Fidelity,Fidelity Management & Research,6,Fidelity family consolidation; KEEP 'Fidelity Ventures' distinct
Fidelity Investments,Fidelity Management & Research,1,Fidelity family consolidation; KEEP 'Fidelity Ventures' distinct
Fidelity Management,Fidelity Management & Research,1,Fidelity family consolidation; KEEP 'Fidelity Ventures' distinct
Fidelity Management & Research Co.,Fidelity Management & Research,1,Fidelity family consolidation; KEEP 'Fidelity Ventures' distinct
Fidelity Management & Research Company,Fidelity Management & Research,5,Fidelity family consolidation; KEEP 'Fidelity Ventures' distinct
Fidelity Ventures,Fidelity Ventures,1,User explicitly KEEPS DISTINCT from Fidelity Management & Research
Finorpa,FINORPA,1,Case variant
Flex,Flex Capital,1,USER-VERIFY: bare 'Flex' vs 'Flex Capital'
Foresight Group,Foresight Ventures,1,USER-VERIFY: 'Foresight Group' (1 occ) and 'Foresight Ventures' (3 occ) — different entities possible
Founders Fund (Peter Thiel),Founders Fund,1,Strip principal parenthetical
FreeS Fund,Frees Fund,1,Case variant
French State (APE),French State,1,Strip agency parenthetical
French Tech Seed (managed by Bpifrance),French Tech Seed Fund,1,USER-VERIFY: strip parenthetical and normalize 'Fund' suffix
Fuse Venture Capital,FUSE,2,"USER-VERIFY: 'FUSE' (2 occ), 'Fuse Venture Capital' (2 occ), 'FUSE Ventures' (1 occ) — same firm?"
FUSE Ventures,FUSE,1,USER-VERIFY: same firm as FUSE / Fuse Venture Capital?
Future Capital,Future Capital,1,USER-VERIFY: distinct from 'Future Ventures'? KEEP DISTINCT likely
"Future Industry Ventures (Redstone, SBI Holdings)",Future Industry Ventures,1,Strip backers parenthetical
G42 (UAE),G42,1,Strip country parenthetical
GAC,GAC Capital,1,USER-VERIFY: bare 'GAC' could be GAC Group or GAC Capital
GAC Capital (GAC Group),GAC Capital,1,Strip parent parenthetical
GAC Group,GAC Group,1,USER-VERIFY: GAC Group (parent) vs GAC Capital — KEEP DISTINCT likely
Gates Frontier Holdings,Gates Frontier,1,USER-VERIFY: 'Holdings' suffix strip
General Catalyst (Hemant Taneja),General Catalyst,1,Strip principal parenthetical
Geodesic,Geodesic Capital,1,USER-VERIFY: shorthand
GIC (Singapore sovereign fund),GIC,1,Strip descriptor parenthetical (single 'GIC' entity)
Glade Brook Capital Partners,Glade Brook Capital,1,USER-VERIFY: 'Partners' suffix
Goldman Sachs,Goldman Sachs,2,"USER-VERIFY: per user instruction, KEEP Goldman Sachs / Goldman Sachs Asset Management / Goldman Sachs Growth Equity DISTINCT but flag for row-level verification"
Goldman Sachs Asset Management,Goldman Sachs Asset Management,1,"USER-VERIFY: per user instruction, KEEP Goldman Sachs / Goldman Sachs Asset Management / Goldman Sachs Growth Equity DISTINCT but flag for row-level verification"
Goldman Sachs Growth Equity,Goldman Sachs Growth Equity,1,"USER-VERIFY: per user instruction, KEEP Goldman Sachs / Goldman Sachs Asset Management / Goldman Sachs Growth Equity DISTINCT but flag for row-level verification"
Google,Google Ventures,6,"USER-VERIFY: KEEP DISTINCT — Google corporate (6 occ) vs Google Ventures (1 occ, now GV)"
Greenoaks,Greenoaks Capital Management,1,USER-VERIFY: shorthand
GV (Google Ventures),GV,6,USER-VERIFY: canonicalize to GV (current canonical brand); 'GV' alone appears only once
Hanwha (Korea),Hanwha,1,Strip country parenthetical
Hanwha Ventures,Hanwha Ventures,1,USER-VERIFY: Hanwha corporate vs Hanwha Ventures — KEEP DISTINCT likely
HarbourVest,HarbourVest Partners,1,USER-VERIFY: shorthand
Heartcore,Heartcore Capital,2,USER-VERIFY: shorthand
Hefei State-owned Investment,Hefei State-Owned Capital,1,USER-VERIFY: case + suffix — possibly same entity
HH-CTBC Partnership (Foxconn Co-GP Fund),HH-CTBC Partnership,1,Strip sub-fund parenthetical
Hillhouse,Hillhouse Capital,1,USER-VERIFY: shorthand
Honda Motor Co.,Honda Motor,2,Strip 'Co.' suffix
Honeywell (existing majority owner),Honeywell,1,Strip role parenthetical
Honeywell Ventures,Honeywell Ventures,1,USER-VERIFY: KEEP DISTINCT from Honeywell corporate
HongShan (Sequoia China),HongShan,1,Strip rebrand parenthetical
Houxue Capital,HouXue Capital,1,Case variant
Hummingbird,Hummingbird Ventures,1,USER-VERIFY: shorthand
Hyundai Motor Company,Hyundai Motor,1,USER-VERIFY: strip Company suffix; KEEP 'Hyundai Motor Group' distinct
IAG Capital,IAG Capital Partners,4,USER-VERIFY: 'Partners' suffix
Ignite Innovation,Ignite Innovation Fund,2,USER-VERIFY: 'Fund' suffix
Ince Capital,INCE Capital,1,Case variant
Initialized,Initialized Capital,1,Shorthand of full firm name
Inovia Capital,iNovia Capital,1,Case variant (lowercase i)
"Intel (would-be acquirer, terminated)",Intel,1,Strip role parenthetical
Intel Capital (~$100-150M),Intel Capital,1,Strip amount annotation
InterVest,Intervest,1,Case variant
Investissement Quebec (CAD 15M loan),Investissement Quebec,1,Strip amount annotation
IQT (In-Q-Tel),IQT,1,USER-VERIFY: full name 'In-Q-Tel' (12 occ) — collapse IQT into In-Q-Tel?
IronGate,Irongate Capital,1,USER-VERIFY: case + suffix
Jeff Bezos (Bezos Expeditions),Jeff Bezos,1,Strip vehicle parenthetical
J.P. Morgan,JPMorgan,1,JPMorgan consolidation (user list)
JP Morgan,JPMorgan,2,JPMorgan consolidation (user list)
Khosla,Khosla Ventures,1,Shorthand of full firm name
Kia,Kia Corporation,1,USER-VERIFY: full name vs short brand
Kia Corp,Kia Corporation,1,Suffix abbreviation
Kindred Ventures,Kindred Capital,1,USER-VERIFY: 'Kindred Capital' (2 occ) and 'Kindred Ventures' (1 occ) — likely different firms KEEP DISTINCT
"Kolon Group (strategic, South Korea)",Kolon Group,1,USER-VERIFY: distinct from Kolon Investment
Lam Capital (Lam Research),Lam Capital,1,Strip parent parenthetical
Latitude,Latitude Ventures,2,USER-VERIFY: shorthand
Liberty Global Ventures,Liberty Global Ventures,1,USER-VERIFY: KEEP DISTINCT from Liberty Global corporate
Lightspeed,Lightspeed Venture Partners,4,Lightspeed consolidation (user list)
Linear Venture,Linear Capital,1,USER-VERIFY: Linear Capital (2 occ) vs Linear Venture (1 occ) — likely different Chinese VC firms
Lingotto,Lingotto Investment Management,1,USER-VERIFY: shorthand
Lockheed Martin,Lockheed Martin,5,USER-VERIFY: KEEP DISTINCT from Lockheed Martin Ventures
Lockheed Martin Ventures,Lockheed Martin Ventures,11,USER-VERIFY: KEEP DISTINCT from 'Lockheed Martin' (parent corporate); 'Lockheed Martin Ventures' is the venture arm
Long Journey,Long Journey Ventures,2,Shorthand of full firm name
lool ventures,lool Ventures,1,Case variant
LuminArx Capital,LuminArx Capital Management,1,USER-VERIFY: 'Management' suffix
Lux,Lux Capital,1,Shorthand of full firm name
M Ventures (Merck KGaA),M Ventures,1,Strip parent parenthetical
M&G Investments (Catalyst),M&G Investments,1,Strip sub-fund parenthetical
MaC Ventures,MaC Venture Capital,1,USER-VERIFY: same firm — 'MaC Venture Capital' is full name
Macquarie,Macquarie Capital,2,USER-VERIFY: 2 occ each — corporate vs subsidiary
Main Sequence Ventures,Main Sequence,1,USER-VERIFY: 'Main Sequence' (5 occ) is current brand
Matrix Capital Management,Matrix Capital Management,1,USER-VERIFY: KEEP DISTINCT from 'Matrix Partners' — different firms
Matter Venture Partners (TSMC-backed),Matter Venture Partners,1,Strip backer parenthetical
Maverick,Maverick Capital,1,Shorthand of full firm name
Maverick Capital,Maverick Capital,6,USER-VERIFY: KEEP DISTINCT from generic 'Maverick' if appropriate
Mayfield Capital,Mayfield,1,"USER-VERIFY: 'Mayfield' (5 occ), 'Mayfield Fund' (5 occ), 'Mayfield Capital' (1 occ) — same firm?"
Mayfield Fund,Mayfield,5,USER-VERIFY: shorthand vs full firm name
Mesh Ventures,MESH Ventures,1,Case variant
MetaVC,MetaVC Partners,1,USER-VERIFY: shorthand
Micron,Micron Ventures,1,USER-VERIFY: Micron corporate vs Micron Ventures — KEEP DISTINCT likely
Mirae Asset,Mirae Asset,3,"USER-VERIFY: Mirae Asset (3 occ), Mirae Asset Capital (5 occ), Mirae Asset Venture Investment (2 occ) — same firm group; consider canonicalizing"
Mitsubishi,Mitsubishi Corporation,1,USER-VERIFY: bare 'Mitsubishi' (1 occ) likely Mitsubishi Corp
Mitsubishi Corporation,Mitsubishi Corporation,4,Keep as-is (Mitsubishi Corp and 'Mitsubishi' may be different — see USER-VERIFY
Mitsubishi Electric ($25M),Mitsubishi Electric,1,Strip amount annotation
Mitsubishi Electric Corporation,Mitsubishi Electric,1,Strip 'Corporation' suffix
Mitsui Sumitomo Insurance Capital,Mitsui Sumitomo Insurance Venture Capital,1,USER-VERIFY: same firm with/without 'Venture'?
MizMaa Ventures,Mizmaa Ventures,1,Case variant
Mizuho (lead bookrunners),Mizuho,1,Strip role parenthetical
Mizuho Capital,Mizuho,1,USER-VERIFY: corporate vs subsidiary
Morgan Stanley,Morgan Stanley,3,"USER-VERIFY: per user instruction, KEEP Morgan Stanley / Morgan Stanley Counterpoint DISTINCT but flag for row-level verification"
Morgan Stanley Counterpoint,Morgan Stanley Counterpoint,1,"USER-VERIFY: per user instruction, KEEP Morgan Stanley / Morgan Stanley Counterpoint DISTINCT but flag for row-level verification"
Mubadala,Mubadala Capital,1,USER-VERIFY: KEEP DISTINCT — Mubadala (sovereign) vs Mubadala Capital (asset mgmt arm)
Natural Ventures,Natural Capital,1,USER-VERIFY: likely different firms — KEEP DISTINCT
Neva Sgr,Neva SGR,1,Case variant (SGR uppercase)
Neva SGR (Intesa Sanpaolo),Neva SGR,2,Strip parent parenthetical
New Enterprise Associates (NEA),New Enterprise Associates,1,Strip abbreviation parenthetical
New Legacy,New Legacy Ventures,1,USER-VERIFY: shorthand
Newfund,Newfund Capital,1,USER-VERIFY: shorthand
NGP,NGP Capital,2,Shorthand of full firm name
Northrop Grumman ($50M strategic),Northrop Grumman,1,Strip amount annotation
Notion,Notion Capital,1,USER-VERIFY: shorthand
NSSIF (UK),NSSIF,1,Strip country parenthetical
NTT,NTT Group,1,USER-VERIFY: NTT (parent) vs NTT Group — likely same
NVentures,NVentures (NVIDIA),2,USER-VERIFY: canonical retains '(NVIDIA)' disambiguation per existing dataset
NVentures (Nvidia),NVentures (NVIDIA),1,Case variant of NVIDIA parenthetical
NVIDIA ($25M),NVIDIA,1,Strip amount annotation
Nysno Climate Investment,Nysno Climate Investments,1,USER-VERIFY: singular/plural
OKX,OKX Ventures,1,USER-VERIFY: OKX corporate vs OKX Ventures — KEEP DISTINCT likely
Omnes,Omnes Capital,1,USER-VERIFY: shorthand
OMNES Capital,Omnes Capital,1,Case variant
Ondas,Ondas Holdings,1,USER-VERIFY: shorthand
Overmatch,Overmatch Ventures,1,USER-VERIFY: shorthand
OVNI,OVNI Capital,1,USER-VERIFY: shorthand
PICUS Capital,Picus Capital,1,Case variant
Point72,Point72 Ventures,1,USER-VERIFY: bare 'Point72' (1 occ) likely the venture arm
Polygon Ventures,Polygon,1,USER-VERIFY: Polygon (1 occ) vs Polygon Ventures (1 occ)
Porsche,Porsche Ventures,1,USER-VERIFY: Porsche corporate vs Porsche Ventures — KEEP DISTINCT likely
Porsche Investments Management,Porsche Ventures,1,USER-VERIFY: same firm or distinct?
POSCO Investment,POSCO Holdings,1,USER-VERIFY: parent vs investment arm
Presidio (Sumitomo),Presidio Ventures (Sumitomo),1,USER-VERIFY: same firm — strip 'Ventures' or add?
Primo Space Fund,Primo Space,1,USER-VERIFY: 'Fund' suffix
Primo Capital,Primo Ventures,1,USER-VERIFY: same firm rebrand?
Project A,Project A Ventures,2,USER-VERIFY: shorthand
Prosperity7,Prosperity7 Ventures,1,Shorthand of full firm name
Prosperity7 Ventures (Saudi Aramco),Prosperity7 Ventures,1,Strip parent parenthetical
Prosus,Prosus Ventures,1,USER-VERIFY: corporate vs venture arm — KEEP DISTINCT likely
Protagonist,Protagonist Management,1,USER-VERIFY: shorthand
Protocol Labs (Juan Benet),Protocol Labs,1,Strip principal parenthetical
Prysm,Prysm Capital,1,USER-VERIFY: shorthand
Qbic Fund,QBIC,1,USER-VERIFY: case + suffix
Qualcomm,Qualcomm Ventures,1,USER-VERIFY: corporate vs venture arm — KEEP DISTINCT likely
Raptor,Raptor Group,1,USER-VERIFY: shorthand
Ravelin Capital,Ravelin,1,USER-VERIFY: Ravelin (2 occ) vs Ravelin Capital (1 occ)
redalpine,Redalpine,1,Case variant
Republic,Republic Capital,1,USER-VERIFY: shorthand
Ridgeline,Ridgeline Partners,1,USER-VERIFY: Ridgeline (1 occ) vs Ridgeline Partners (2 occ)
Riot,Riot Ventures,2,Shorthand of full firm name
SAIC,SAIC Ventures,1,USER-VERIFY: SAIC vs SAIC Ventures
Salesforce,Salesforce Ventures,1,USER-VERIFY: corporate vs venture arm — KEEP DISTINCT likely
Samsung ($10M),Samsung,1,Strip amount annotation
Samsung NEXT,Samsung Next,2,Case variant
Samsung Venture Investment Corporation,Samsung Ventures,2,USER-VERIFY: legal name 'Samsung Venture Investment Corporation' vs brand 'Samsung Ventures'
SBI Investment (Japan),SBI Investment,1,Strip country parenthetical
SCG Group,SCG,1,USER-VERIFY: SCG (2 occ) vs SCG Group (1 occ)
SE Ventures (Schneider Electric),SE Ventures,1,Strip parent parenthetical
Sequoia,Sequoia Capital,2,Sequoia consolidation; KEEP 'Sequoia Capital China' and 'Sequoia Capital India' distinct
Sequoia Capital (Shaun Maguire),Sequoia Capital,1,Strip parenthetical partner attribution
Seraphim Capital,Seraphim,1,USER-VERIFY: Seraphim (2 occ) vs Seraphim Capital (1 occ)
SevenX,SevenX Ventures,1,USER-VERIFY: shorthand
SIP Global,SIP Global Partners,1,USER-VERIFY: shorthand
SmartCap (Estonia state fund),SmartCap,1,Strip descriptor parenthetical
Snowpoint,Snowpoint Ventures,1,USER-VERIFY: shorthand
SoftBank,SoftBank Group,5,USER-VERIFY: SoftBank (5 occ) vs SoftBank Group (8 occ) — likely same parent
Solidium Oy (Finnish sovereign wealth fund),Solidium Oy,1,Strip descriptor parenthetical
SOSV (HAX),SOSV,1,Strip program parenthetical
Spacecadet,Spacecadet Ventures,1,USER-VERIFY: shorthand
Space.VC,SpaceVC,2,Punctuation variant
Sparta,Sparta Group,1,USER-VERIFY: shorthand
Spartan,Spartan Group,1,USER-VERIFY: shorthand
SquareOne,SquareOne Venture Capital,1,USER-VERIFY: shorthand
Stellantis,Stellantis,4,USER-VERIFY: KEEP DISTINCT from Stellantis Ventures (4 occ each)
Stellantis Ventures,Stellantis Ventures,2,USER-VERIFY: KEEP DISTINCT from Stellantis corporate
StepStone,StepStone Group,3,Shorthand of full firm name
Stepstone Group,StepStone Group,1,Case variant
Suzuki Motor Corporation,Suzuki Motor,1,Strip 'Corporation' suffix
SVB ($100M debt),SVB,1,Strip amount annotation
Swisscom,Swisscom Ventures,1,USER-VERIFY: corporate vs venture arm — KEEP DISTINCT likely
T. Rowe Price Associates,T. Rowe Price,2,T. Rowe Price consolidation (user list)
Taiwania,Taiwania Capital,1,USER-VERIFY: shorthand
Tangent,Tangent Ventures,1,USER-VERIFY: shorthand
Tencent Holdings,Tencent,1,USER-VERIFY: 'Holdings' suffix
Tether Holdings,Tether,1,USER-VERIFY: 'Holdings' suffix
The Engine,The Engine Ventures,1,USER-VERIFY: The Engine rebranded to The Engine Ventures — strip Fund variant too
The Engine Fund,The Engine Ventures,1,USER-VERIFY: The Engine rebranded to The Engine Ventures
Tiger Global,Tiger Global Management,12,Tiger Global consolidation (user list)
Topology,Topology Ventures,1,USER-VERIFY: shorthand
Translink,Translink Capital,1,USER-VERIFY: bare 'Translink' shorthand
TransLink Capital,Translink Capital,1,Case variant
Trinity Capital (debt),Trinity Capital,1,Strip instrument parenthetical
Tru Arrow,Tru Arrow Partners,1,USER-VERIFY: shorthand
TSMC (70% equity),TSMC,1,Strip stake annotation
Uber ($250M milestone-based),Uber,1,Strip amount annotation
UMC,UMC Capital,1,USER-VERIFY: UMC parent vs UMC Capital
Undisclosed (existing investors),Undisclosed,1,Strip descriptor parenthetical
Undisclosed (Spanish syndicate),Undisclosed,1,Strip descriptor parenthetical
Undisclosed (Swiss and US investors),Undisclosed,1,Strip descriptor parenthetical
Up Partners,UP Partners,1,Case variant
Upfront,Upfront Ventures,1,USER-VERIFY: shorthand
U.S. Department of Defense,US Department of Defense,1,Punctuation variant
U.S. Department of Defense (DPA Title III),US Department of Defense,1,Strip program + punctuation
U.S. Innovative Technology Fund,US Innovative Technology Fund,4,US Innovative Technology Fund consolidation
U.S. Innovative Technology Fund (USIT),US Innovative Technology Fund,1,US Innovative Technology Fund consolidation
US Innovative Technology Fund (USIT),US Innovative Technology Fund,2,US Innovative Technology Fund consolidation
Valor Equity,Valor Equity Partners,1,Shorthand of full firm name
Vertex Growth (Temasek),Vertex Growth,1,Strip parent parenthetical
Vsquared,Vsquared Ventures,1,Shorthand of full firm name
Wa'ed Ventures (Aramco),Wa'ed Ventures,1,Strip parent parenthetical
Wa'ed Ventures (Saudi Aramco),Wa'ed Ventures,1,Strip parent parenthetical
Walden Catalyst,Walden Catalyst Ventures,2,Shorthand of full firm name
Walden Catalyst Ventures (Lip-Bu Tan),Walden Catalyst Ventures,1,Strip principal parenthetical
Washington Harbour,Washington Harbour Partners,1,Shorthand of full firm name
Wistron Corporation,Wistron,2,Strip 'Corporation' suffix
Woven Capital (Toyota),Woven Capital,2,Strip parent parenthetical
Xora (Temasek),Xora,1,Strip parent parenthetical
Xuhui Capital (Shanghai),Xuhui Capital,1,Strip city parenthetical
Y Combinator (seed continuation),Y Combinator,1,Strip round annotation
Yamaha Motor,Yamaha Motor Ventures,2,USER-VERIFY: Yamaha Motor corporate vs Yamaha Motor Ventures — KEEP DISTINCT likely
Yamato,Yamato Holdings,1,USER-VERIFY: shorthand
YuanJing Capital,Yuanjing Capital,1,Case variant
